Full Name,Email,Mobile,Company
"Person, 0",user0@company0.ae,0543530829,"Acme 0"
"Person, 1",user1@company1.ae,0551810111,"Acme 1"
"Person, 2",user2@company2.ae,0509990608,"Acme 2"
"Person, 3",user3@company3.ae,0507135241,"Acme 3"
"Person, 4",user4@company4.ae,0561973060,"Acme 4"
"Person, 5",user5@company5.ae,0564602037,"Acme 5"
"Person, 6",user6@company6.ae,,"Acme 6"
"Person, 7",user7@company7.ae,,"Acme 7"
"Person, 8",,0502441955,"Acme 8"
"Person, 9",x@y.c,,"Acme 9"
"Person, 10",user10@company10.ae,0505037655,"Acme 10"
"Person, 11",user11@company11.ae,0508122250,"Acme 11"
"Person, 12",user12@company12.ae,0503077052,"Acme 12"
"Person, 13",user13@company13.ae,0522037872,"Acme 13"
"Person, 14",user14@company14.ae,0567655194,"Acme 14"
"Person, 15",user15@company15.ae,0504709137,"Acme 15"
"Person, 16",user16@company16.ae,,"Acme 16"
"Person, 17",user17@company17.ae,,"Acme 17"
"Person, 18",,0503234302,"Acme 18"
"Person, 19",,,"Acme 19"
"Person, 20",user20@company20.ae,0522976225,"Acme 20"
"Person, 21",user21@company21.ae,0566175466,"Acme 21"
"Person, 22",user22@company22.ae,0564032085,"Acme 22"
"Person, 23",user23@company23.ae,0504151952,"Acme 23"
"Person, 24",user24@company24.ae,0542634613,"Acme 24"
"Person, 25",user25@company25.ae,0562053424,"Acme 25"
"Person, 26",user26@company26.ae,,"Acme 26"
"Person, 27",user27@company27.ae,,"Acme 27"
"Person, 28",,0561999941,"Acme 28"
"Person, 29",bad@@x.com,,"Acme 29"
"Person, 30",user30@company30.ae,0589920785,"Acme 30"
"Person, 31",user31@company31.ae,0556270514,"Acme 31"
"Person, 32",user32@company32.ae,0558603172,"Acme 32"
"Person, 33",user33@company33.ae,0546029255,"Acme 33"
"Person, 34",user34@company34.ae,0524015985,"Acme 34"
"Person, 35",user35@company35.ae,0585095259,"Acme 35"
"Person, 36",user36@company36.ae,,"Acme 36"
"Person, 37",user37@company37.ae,,"Acme 37"
"Person, 38",,0506037344,"Acme 38"
"Person, 39",x@y.c,,"Acme 39"
"Person, 40",user40@company0.ae,0588530188,"Acme 40"
"Person, 41",user41@company1.ae,0542228106,"Acme 41"
"Person, 42",user42@company2.ae,0509588807,"Acme 42"
"Person, 43",user43@company3.ae,0553767604,"Acme 43"
"Person, 44",user44@company4.ae,0543549877,"Acme 44"
"Person, 45",user45@company5.ae,0558074924,"Acme 45"
"Person, 46",user46@company6.ae,,"Acme 46"
"Person, 47",user47@company7.ae,,"Acme 47"
"Person, 48",,0502302255,"Acme 48"
"Person, 49",,,"Acme 49"
"Person, 50",user50@company10.ae,0586875018,"Acme 50"
"Person, 51",user51@company11.ae,0569332820,"Acme 51"
"Person, 52",user52@company12.ae,0568653855,"Acme 52"
"Person, 53",user53@company13.ae,0502570280,"Acme 53"
"Person, 54",user54@company14.ae,0548954050,"Acme 54"
"Person, 55",user55@company15.ae,0582090518,"Acme 55"
"Person, 56",user56@company16.ae,,"Acme 56"
"Person, 57",user57@company17.ae,,"Acme 57"
"Person, 58",,0506194349,"Acme 58"
"Person, 59",x@y.c,,"Acme 59"
"Person, 60",user60@company20.ae,0587472506,"Acme 60"
"Person, 61",user61@company21.ae,0586821782,"Acme 61"
"Person, 62",user62@company22.ae,0508745961,"Acme 62"
"Person, 63",user63@company23.ae,0543819383,"Acme 63"
"Person, 64",user64@company24.ae,0562964541,"Acme 64"
"Person, 65",user65@company25.ae,0551989091,"Acme 65"
"Person, 66",user66@company26.ae,,"Acme 66"
"Person, 67",user67@company27.ae,,"Acme 67"
"Person, 68",,0525822307,"Acme 68"
"Person, 69",bad@@x.com,0000000000,"Acme 69"
"Person, 70",user70@company30.ae,0527675615,"Acme 70"
"Person, 71",user71@company31.ae,0559330000,"Acme 71"
"Person, 72",user72@company32.ae,0503791163,"Acme 72"
"Person, 73",user73@company33.ae,0557738472,"Acme 73"
"Person, 74",user74@company34.ae,0565661367,"Acme 74"
"Person, 75",user75@company35.ae,0528222954,"Acme 75"
"Person, 76",user76@company36.ae,,"Acme 76"
"Person, 77",user77@company37.ae,,"Acme 77"
"Person, 78",,0565671130,"Acme 78"
"Person, 79",x@y.c,,"Acme 79"
"Person, 80",user80@company0.ae,0587382745,"Acme 80"
"Person, 81",user81@company1.ae,0523532032,"Acme 81"
"Person, 82",user82@company2.ae,0503956442,"Acme 82"
"Person, 83",user83@company3.ae,0524891590,"Acme 83"
"Person, 84",user84@company4.ae,0584914729,"Acme 84"
"Person, 85",user85@company5.ae,0509136324,"Acme 85"
"Person, 86",user86@company6.ae,,"Acme 86"
"Person, 87",user87@company7.ae,,"Acme 87"
"Person, 88",,0564059205,"Acme 88"
"Person, 89",,,"Acme 89"
"Person, 90",user90@company10.ae,0503444044,"Acme 90"
"Person, 91",user91@company11.ae,0559968948,"Acme 91"
"Person, 92",user92@company12.ae,0546345416,"Acme 92"
"Person, 93",user93@company13.ae,0529648511,"Acme 93"
"Person, 94",user94@company14.ae,0561905850,"Acme 94"
"Person, 95",user95@company15.ae,0557583025,"Acme 95"
"Person, 96",user96@company16.ae,,"Acme 96"
"Person, 97",user97@company17.ae,,"Acme 97"
"Person, 98",,0557693754,"Acme 98"
"Person, 99",x@y.c,12345,"Acme 99"
"Person, 100",user100@company20.ae,0557718312,"Acme 100"
"Person, 101",user101@company21.ae,0504197897,"Acme 101"
"Person, 102",user102@company22.ae,0504502465,"Acme 102"
"Person, 103",user103@company23.ae,0553722995,"Acme 103"
"Person, 104",user104@company24.ae,0506705153,"Acme 104"
"Person, 105",user105@company25.ae,0561882072,"Acme 105"
"Person, 106",user106@company26.ae,,"Acme 106"
"Person, 107",user107@company27.ae,,"Acme 107"
"Person, 108",,0501003913,"Acme 108"
"Person, 109",bad@@x.com,0000000000,"Acme 109"
"Person, 110",user110@company30.ae,0507100362,"Acme 110"
"Person, 111",user111@company31.ae,0561427833,"Acme 111"
"Person, 112",user112@company32.ae,0504488867,"Acme 112"
"Person, 113",user113@company33.ae,0567312081,"Acme 113"
"Person, 114",user114@company34.ae,0525232182,"Acme 114"
"Person, 115",user115@company35.ae,0547109648,"Acme 115"
"Person, 116",user116@company36.ae,,"Acme 116"
"Person, 117",user117@company37.ae,,"Acme 117"
"Person, 118",,0553060950,"Acme 118"
"Person, 119",n/a,,"Acme 119"
"Person, 120",user120@company0.ae,0559059692,"Acme 120"
"Person, 121",user121@company1.ae,0556232013,"Acme 121"
"Person, 122",user122@company2.ae,0503417890,"Acme 122"
"Person, 123",user123@company3.ae,0506748475,"Acme 123"
"Person, 124",user124@company4.ae,0585441883,"Acme 124"
"Person, 125",user125@company5.ae,0553708490,"Acme 125"
"Person, 126",user126@company6.ae,,"Acme 126"
"Person, 127",user127@company7.ae,,"Acme 127"
"Person, 128",,0561387481,"Acme 128"
"Person, 129",bad@@x.com,0000000000,"Acme 129"
"Person, 130",user130@company10.ae,0543459582,"Acme 130"
"Person, 131",user131@company11.ae,0581453697,"Acme 131"
"Person, 132",user132@company12.ae,0566001115,"Acme 132"
"Person, 133",user133@company13.ae,0582526903,"Acme 133"
"Person, 134",user134@company14.ae,0585380786,"Acme 134"
"Person, 135",user135@company15.ae,0567152201,"Acme 135"
"Person, 136",user136@company16.ae,,"Acme 136"
"Person, 137",user137@company17.ae,,"Acme 137"
"Person, 138",,0526967591,"Acme 138"
"Person, 139",bad@@x.com,0000000000,"Acme 139"
"Person, 140",user140@company20.ae,0569433856,"Acme 140"
"Person, 141",user141@company21.ae,0544742018,"Acme 141"
"Person, 142",user142@company22.ae,0564274007,"Acme 142"
"Person, 143",user143@company23.ae,0527722368,"Acme 143"
"Person, 144",user144@company24.ae,0584804057,"Acme 144"
"Person, 145",user145@company25.ae,0529684536,"Acme 145"
"Person, 146",user146@company26.ae,,"Acme 146"
"Person, 147",user147@company27.ae,,"Acme 147"
"Person, 148",,0556965349,"Acme 148"
"Person, 149",n/a,12345,"Acme 149"
"Person, 150",user150@company30.ae,0548922873,"Acme 150"
"Person, 151",user151@company31.ae,0544248823,"Acme 151"
"Person, 152",user152@company32.ae,0586776075,"Acme 152"
"Person, 153",user153@company33.ae,0556863966,"Acme 153"
"Person, 154",user154@company34.ae,0542351205,"Acme 154"
"Person, 155",user155@company35.ae,0522713912,"Acme 155"
"Person, 156",user156@company36.ae,,"Acme 156"
"Person, 157",user157@company37.ae,,"Acme 157"
"Person, 158",,0528886633,"Acme 158"
"Person, 159",bad@@x.com,,"Acme 159"
"Person, 160",user160@company0.ae,0529097578,"Acme 160"
"Person, 161",user161@company1.ae,0561032016,"Acme 161"
"Person, 162",user162@company2.ae,0556771478,"Acme 162"
"Person, 163",user163@company3.ae,0582422346,"Acme 163"
"Person, 164",user164@company4.ae,0583011649,"Acme 164"
"Person, 165",user165@company5.ae,0554344024,"Acme 165"
"Person, 166",user166@company6.ae,,"Acme 166"
"Person, 167",user167@company7.ae,,"Acme 167"
"Person, 168",,0553995097,"Acme 168"
"Person, 169",x@y.c,0000000000,"Acme 169"
"Person, 170",user170@company10.ae,0542455421,"Acme 170"
"Person, 171",user171@company11.ae,0587641067,"Acme 171"
"Person, 172",user172@company12.ae,0557734153,"Acme 172"
"Person, 173",user173@company13.ae,0582424708,"Acme 173"
"Person, 174",user174@company14.ae,0583665162,"Acme 174"
"Person, 175",user175@company15.ae,0523131350,"Acme 175"
"Person, 176",user176@company16.ae,,"Acme 176"
"Person, 177",user177@company17.ae,,"Acme 177"
"Person, 178",,0503535887,"Acme 178"
"Person, 179",x@y.c,0000000000,"Acme 179"
"Person, 180",user180@company20.ae,0528958388,"Acme 180"
"Person, 181",user181@company21.ae,0586878862,"Acme 181"
"Person, 182",user182@company22.ae,0523197544,"Acme 182"
"Person, 183",user183@company23.ae,0501238956,"Acme 183"
"Person, 184",user184@company24.ae,0582724228,"Acme 184"
"Person, 185",user185@company25.ae,0563336239,"Acme 185"
"Person, 186",user186@company26.ae,,"Acme 186"
"Person, 187",user187@company27.ae,,"Acme 187"
"Person, 188",,0554268292,"Acme 188"
"Person, 189",bad@@x.com,12345,"Acme 189"
"Person, 190",user190@company30.ae,0544569852,"Acme 190"
"Person, 191",user191@company31.ae,0549408101,"Acme 191"
"Person, 192",user192@company32.ae,0526469193,"Acme 192"
"Person, 193",user193@company33.ae,0548029864,"Acme 193"
"Person, 194",user194@company34.ae,0522021808,"Acme 194"
"Person, 195",user195@company35.ae,0586935510,"Acme 195"
"Person, 196",user196@company36.ae,,"Acme 196"
"Person, 197",user197@company37.ae,,"Acme 197"
"Person, 198",,0559669808,"Acme 198"
"Person, 199",x@y.c,0000000000,"Acme 199"
"Person, 200",user200@company0.ae,0529922542,"Acme 200"
"Person, 201",user201@company1.ae,0529782983,"Acme 201"
"Person, 202",user202@company2.ae,0561313815,"Acme 202"
"Person, 203",user203@company3.ae,0554072040,"Acme 203"
"Person, 204",user204@company4.ae,0561065976,"Acme 204"
"Person, 205",user205@company5.ae,0523891498,"Acme 205"
"Person, 206",user206@company6.ae,,"Acme 206"
"Person, 207",user207@company7.ae,,"Acme 207"
"Person, 208",,0528943893,"Acme 208"
"Person, 209",n/a,0000000000,"Acme 209"
"Person, 210",user210@company10.ae,0506469072,"Acme 210"
"Person, 211",user211@company11.ae,0589696448,"Acme 211"
"Person, 212",user212@company12.ae,0569094788,"Acme 212"
"Person, 213",user213@company13.ae,0501953324,"Acme 213"
"Person, 214",user214@company14.ae,0524209584,"Acme 214"
"Person, 215",user215@company15.ae,0541707979,"Acme 215"
"Person, 216",user216@company16.ae,,"Acme 216"
"Person, 217",user217@company17.ae,,"Acme 217"
"Person, 218",,0509518027,"Acme 218"
"Person, 219",x@y.c,0000000000,"Acme 219"
"Person, 220",user220@company20.ae,0502063152,"Acme 220"
"Person, 221",user221@company21.ae,0556462890,"Acme 221"
"Person, 222",user222@company22.ae,0569481774,"Acme 222"
"Person, 223",user223@company23.ae,0569592643,"Acme 223"
"Person, 224",user224@company24.ae,0525650401,"Acme 224"
"Person, 225",user225@company25.ae,0559525445,"Acme 225"
"Person, 226",user226@company26.ae,,"Acme 226"
"Person, 227",user227@company27.ae,,"Acme 227"
"Person, 228",,0569020118,"Acme 228"
"Person, 229",bad@@x.com,0000000000,"Acme 229"
"Person, 230",user230@company30.ae,0565355235,"Acme 230"
"Person, 231",user231@company31.ae,0564398871,"Acme 231"
"Person, 232",user232@company32.ae,0553300734,"Acme 232"
"Person, 233",user233@company33.ae,0553040477,"Acme 233"
"Person, 234",user234@company34.ae,0558417510,"Acme 234"
"Person, 235",user235@company35.ae,0542217121,"Acme 235"
"Person, 236",user236@company36.ae,,"Acme 236"
"Person, 237",user237@company37.ae,,"Acme 237"
"Person, 238",,0585037248,"Acme 238"
"Person, 239",x@y.c,12345,"Acme 239"
"Person, 240",user240@company0.ae,0526079806,"Acme 240"
"Person, 241",user241@company1.ae,0503591184,"Acme 241"
"Person, 242",user242@company2.ae,0587143536,"Acme 242"
"Person, 243",user243@company3.ae,0525246444,"Acme 243"
"Person, 244",user244@company4.ae,0528847305,"Acme 244"
"Person, 245",user245@company5.ae,0522579162,"Acme 245"
"Person, 246",user246@company6.ae,,"Acme 246"
"Person, 247",user247@company7.ae,,"Acme 247"
"Person, 248",,0559174879,"Acme 248"
"Person, 249",bad@@x.com,0000000000,"Acme 249"
"Person, 250",user250@company10.ae,0523708950,"Acme 250"
"Person, 251",user251@company11.ae,0588239734,"Acme 251"
"Person, 252",user252@company12.ae,0567774803,"Acme 252"
"Person, 253",user253@company13.ae,0548067846,"Acme 253"
"Person, 254",user254@company14.ae,0526983003,"Acme 254"
"Person, 255",user255@company15.ae,0542546759,"Acme 255"
"Person, 256",user256@company16.ae,,"Acme 256"
"Person, 257",user257@company17.ae,,"Acme 257"
"Person, 258",,0587139664,"Acme 258"
"Person, 259",n/a,,"Acme 259"
"Person, 260",user260@company20.ae,0568695218,"Acme 260"
"Person, 261",user261@company21.ae,0551303365,"Acme 261"
"Person, 262",user262@company22.ae,0556561611,"Acme 262"
"Person, 263",user263@company23.ae,0565956897,"Acme 263"
"Person, 264",user264@company24.ae,0562078620,"Acme 264"
"Person, 265",user265@company25.ae,0504834497,"Acme 265"
"Person, 266",user266@company26.ae,,"Acme 266"
"Person, 267",user267@company27.ae,,"Acme 267"
"Person, 268",,0502410314,"Acme 268"
"Person, 269",,,"Acme 269"
"Person, 270",user270@company30.ae,0504045926,"Acme 270"
"Person, 271",user271@company31.ae,0543173581,"Acme 271"
"Person, 272",user272@company32.ae,0555338739,"Acme 272"
"Person, 273",user273@company33.ae,0553505978,"Acme 273"
"Person, 274",user274@company34.ae,0569636619,"Acme 274"
"Person, 275",user275@company35.ae,0569298213,"Acme 275"
"Person, 276",user276@company36.ae,,"Acme 276"
"Person, 277",user277@company37.ae,,"Acme 277"
"Person, 278",,0586486963,"Acme 278"
"Person, 279",n/a,,"Acme 279"
"Person, 280",user280@company0.ae,0504076002,"Acme 280"
"Person, 281",user281@company1.ae,0552214906,"Acme 281"
"Person, 282",user282@company2.ae,0541282389,"Acme 282"
"Person, 283",user283@company3.ae,0582485889,"Acme 283"
"Person, 284",user284@company4.ae,0542404966,"Acme 284"
"Person, 285",user285@company5.ae,0564731386,"Acme 285"
"Person, 286",user286@company6.ae,,"Acme 286"
"Person, 287",user287@company7.ae,,"Acme 287"
"Person, 288",,0505436751,"Acme 288"
"Person, 289",n/a,,"Acme 289"
"Person, 290",user290@company10.ae,0506690022,"Acme 290"
"Person, 291",user291@company11.ae,0568008855,"Acme 291"
"Person, 292",user292@company12.ae,0543168032,"Acme 292"
"Person, 293",user293@company13.ae,0509840167,"Acme 293"
"Person, 294",user294@company14.ae,0585000295,"Acme 294"
"Person, 295",user295@company15.ae,0503708666,"Acme 295"
"Person, 296",user296@company16.ae,,"Acme 296"
"Person, 297",user297@company17.ae,,"Acme 297"
"Person, 298",,0541845231,"Acme 298"
"Person, 299",bad@@x.com,12345,"Acme 299"
"Person, 300",user300@company20.ae,0546117141,"Acme 300"
"Person, 301",user301@company21.ae,0564453951,"Acme 301"
"Person, 302",user302@company22.ae,0548477384,"Acme 302"
"Person, 303",user303@company23.ae,0563984664,"Acme 303"
"Person, 304",user304@company24.ae,0546821711,"Acme 304"
"Person, 305",user305@company25.ae,0505201832,"Acme 305"
"Person, 306",user306@company26.ae,,"Acme 306"
"Person, 307",user307@company27.ae,,"Acme 307"
"Person, 308",,0501257465,"Acme 308"
"Person, 309",n/a,0000000000,"Acme 309"
"Person, 310",user310@company30.ae,0564178552,"Acme 310"
"Person, 311",user311@company31.ae,0568965161,"Acme 311"
"Person, 312",user312@company32.ae,0528500347,"Acme 312"
"Person, 313",user313@company33.ae,0508250736,"Acme 313"
"Person, 314",user314@company34.ae,0589304748,"Acme 314"
"Person, 315",user315@company35.ae,0567594889,"Acme 315"
"Person, 316",user316@company36.ae,,"Acme 316"
"Person, 317",user317@company37.ae,,"Acme 317"
"Person, 318",,0566163742,"Acme 318"
"Person, 319",bad@@x.com,12345,"Acme 319"
"Person, 320",user320@company0.ae,0544332365,"Acme 320"
"Person, 321",user321@company1.ae,0583344092,"Acme 321"
"Person, 322",user322@company2.ae,0556830957,"Acme 322"
"Person, 323",user323@company3.ae,0503177994,"Acme 323"
"Person, 324",user324@company4.ae,0502186531,"Acme 324"
"Person, 325",user325@company5.ae,0585288153,"Acme 325"
"Person, 326",user326@company6.ae,,"Acme 326"
"Person, 327",user327@company7.ae,,"Acme 327"
"Person, 328",,0553738822,"Acme 328"
"Person, 329",n/a,12345,"Acme 329"
"Person, 330",user330@company10.ae,0587390135,"Acme 330"
"Person, 331",user331@company11.ae,0565730055,"Acme 331"
"Person, 332",user332@company12.ae,0565063658,"Acme 332"
"Person, 333",user333@company13.ae,0585916705,"Acme 333"
"Person, 334",user334@company14.ae,0508708341,"Acme 334"
"Person, 335",user335@company15.ae,0523642964,"Acme 335"
"Person, 336",user336@company16.ae,,"Acme 336"
"Person, 337",user337@company17.ae,,"Acme 337"
"Person, 338",,0548479695,"Acme 338"
"Person, 339",n/a,,"Acme 339"
"Person, 340",user340@company20.ae,0546518465,"Acme 340"
"Person, 341",user341@company21.ae,0566427998,"Acme 341"
"Person, 342",user342@company22.ae,0521577920,"Acme 342"
"Person, 343",user343@company23.ae,0544655182,"Acme 343"
"Person, 344",user344@company24.ae,0544069524,"Acme 344"
"Person, 345",user345@company25.ae,0506625950,"Acme 345"
"Person, 346",user346@company26.ae,,"Acme 346"
"Person, 347",user347@company27.ae,,"Acme 347"
"Person, 348",,0552407450,"Acme 348"
"Person, 349",x@y.c,,"Acme 349"
"Person, 350",user350@company30.ae,0564371885,"Acme 350"
"Person, 351",user351@company31.ae,0529468058,"Acme 351"
"Person, 352",user352@company32.ae,0502524238,"Acme 352"
"Person, 353",user353@company33.ae,0542505812,"Acme 353"
"Person, 354",user354@company34.ae,0527702685,"Acme 354"
"Person, 355",user355@company35.ae,0561699055,"Acme 355"
"Person, 356",user356@company36.ae,,"Acme 356"
"Person, 357",user357@company37.ae,,"Acme 357"
"Person, 358",,0551377389,"Acme 358"
"Person, 359",,,"Acme 359"
"Person, 360",user360@company0.ae,0584905896,"Acme 360"
"Person, 361",user361@company1.ae,0509878327,"Acme 361"
"Person, 362",user362@company2.ae,0527535001,"Acme 362"
"Person, 363",user363@company3.ae,0549291145,"Acme 363"
"Person, 364",user364@company4.ae,0525767691,"Acme 364"
"Person, 365",user365@company5.ae,0583428539,"Acme 365"
"Person, 366",user366@company6.ae,,"Acme 366"
"Person, 367",user367@company7.ae,,"Acme 367"
"Person, 368",,0509606396,"Acme 368"
"Person, 369",x@y.c,0000000000,"Acme 369"
"Person, 370",user370@company10.ae,0589481571,"Acme 370"
"Person, 371",user371@company11.ae,0529787189,"Acme 371"
"Person, 372",user372@company12.ae,0561269773,"Acme 372"
"Person, 373",user373@company13.ae,0584857765,"Acme 373"
"Person, 374",user374@company14.ae,0501522786,"Acme 374"
"Person, 375",user375@company15.ae,0503232933,"Acme 375"
"Person, 376",user376@company16.ae,,"Acme 376"
"Person, 377",user377@company17.ae,,"Acme 377"
"Person, 378",,0587051667,"Acme 378"
"Person, 379",n/a,,"Acme 379"
"Person, 380",user380@company20.ae,0551851952,"Acme 380"
"Person, 381",user381@company21.ae,0581316094,"Acme 381"
"Person, 382",user382@company22.ae,0589916148,"Acme 382"
"Person, 383",user383@company23.ae,0585103030,"Acme 383"
"Person, 384",user384@company24.ae,0555425710,"Acme 384"
"Person, 385",user385@company25.ae,0508666324,"Acme 385"
"Person, 386",user386@company26.ae,,"Acme 386"
"Person, 387",user387@company27.ae,,"Acme 387"
"Person, 388",,0509438453,"Acme 388"
"Person, 389",n/a,0000000000,"Acme 389"
"Person, 390",user390@company30.ae,0562108141,"Acme 390"
"Person, 391",user391@company31.ae,0588950025,"Acme 391"
"Person, 392",user392@company32.ae,0542249063,"Acme 392"
"Person, 393",user393@company33.ae,0544939049,"Acme 393"
"Person, 394",user394@company34.ae,0584442978,"Acme 394"
"Person, 395",user395@company35.ae,0528723224,"Acme 395"
"Person, 396",user396@company36.ae,,"Acme 396"
"Person, 397",user397@company37.ae,,"Acme 397"
"Person, 398",,0557418299,"Acme 398"
"Person, 399",n/a,,"Acme 399"
"Person, 400",user400@company0.ae,0585820415,"Acme 400"
"Person, 401",user401@company1.ae,0504326756,"Acme 401"
"Person, 402",user402@company2.ae,0503473382,"Acme 402"
"Person, 403",user403@company3.ae,0545260410,"Acme 403"
"Person, 404",user404@company4.ae,0586107272,"Acme 404"
"Person, 405",user405@company5.ae,0563238768,"Acme 405"
"Person, 406",user406@company6.ae,,"Acme 406"
"Person, 407",user407@company7.ae,,"Acme 407"
"Person, 408",,0509093676,"Acme 408"
"Person, 409",n/a,,"Acme 409"
"Person, 410",user410@company10.ae,0542669652,"Acme 410"
"Person, 411",user411@company11.ae,0584652290,"Acme 411"
"Person, 412",user412@company12.ae,0589214365,"Acme 412"
"Person, 413",user413@company13.ae,0549666030,"Acme 413"
"Person, 414",user414@company14.ae,0548795749,"Acme 414"
"Person, 415",user415@company15.ae,0558823872,"Acme 415"
"Person, 416",user416@company16.ae,,"Acme 416"
"Person, 417",user417@company17.ae,,"Acme 417"
"Person, 418",,0504342860,"Acme 418"
"Person, 419",,12345,"Acme 419"
"Person, 420",user420@company20.ae,0551293676,"Acme 420"
"Person, 421",user421@company21.ae,0548700252,"Acme 421"
"Person, 422",user422@company22.ae,0509499648,"Acme 422"
"Person, 423",user423@company23.ae,0555507320,"Acme 423"
"Person, 424",user424@company24.ae,0554520484,"Acme 424"
"Person, 425",user425@company25.ae,0522251796,"Acme 425"
"Person, 426",user426@company26.ae,,"Acme 426"
"Person, 427",user427@company27.ae,,"Acme 427"
"Person, 428",,0562515034,"Acme 428"
"Person, 429",bad@@x.com,0000000000,"Acme 429"
"Person, 430",user430@company30.ae,0565392425,"Acme 430"
"Person, 431",user431@company31.ae,0543224743,"Acme 431"
"Person, 432",user432@company32.ae,0569535313,"Acme 432"
"Person, 433",user433@company33.ae,0542890415,"Acme 433"
"Person, 434",user434@company34.ae,0587126846,"Acme 434"
"Person, 435",user435@company35.ae,0529353173,"Acme 435"
"Person, 436",user436@company36.ae,,"Acme 436"
"Person, 437",user437@company37.ae,,"Acme 437"
"Person, 438",,0557611574,"Acme 438"
"Person, 439",n/a,12345,"Acme 439"
"Person, 440",user440@company0.ae,0509249291,"Acme 440"
"Person, 441",user441@company1.ae,0588562502,"Acme 441"
"Person, 442",user442@company2.ae,0556065897,"Acme 442"
"Person, 443",user443@company3.ae,0583360675,"Acme 443"
"Person, 444",user444@company4.ae,0556770693,"Acme 444"
"Person, 445",user445@company5.ae,0556302909,"Acme 445"
"Person, 446",user446@company6.ae,,"Acme 446"
"Person, 447",user447@company7.ae,,"Acme 447"
"Person, 448",,0506558700,"Acme 448"
"Person, 449",n/a,,"Acme 449"
"Person, 450",user450@company10.ae,0547681686,"Acme 450"
"Person, 451",user451@company11.ae,0504283991,"Acme 451"
"Person, 452",user452@company12.ae,0581196656,"Acme 452"
"Person, 453",user453@company13.ae,0585862590,"Acme 453"
"Person, 454",user454@company14.ae,0547244848,"Acme 454"
"Person, 455",user455@company15.ae,0507591757,"Acme 455"
"Person, 456",user456@company16.ae,,"Acme 456"
"Person, 457",user457@company17.ae,,"Acme 457"
"Person, 458",,0552281790,"Acme 458"
"Person, 459",,,"Acme 459"
"Person, 460",user460@company20.ae,0541809804,"Acme 460"
"Person, 461",user461@company21.ae,0542706408,"Acme 461"
"Person, 462",user462@company22.ae,0505791961,"Acme 462"
"Person, 463",user463@company23.ae,0583498368,"Acme 463"
"Person, 464",user464@company24.ae,0525458176,"Acme 464"
"Person, 465",user465@company25.ae,0559572536,"Acme 465"
"Person, 466",user466@company26.ae,,"Acme 466"
"Person, 467",user467@company27.ae,,"Acme 467"
"Person, 468",,0544185138,"Acme 468"
"Person, 469",,,"Acme 469"
"Person, 470",user470@company30.ae,0507711585,"Acme 470"
"Person, 471",user471@company31.ae,0564413086,"Acme 471"
"Person, 472",user472@company32.ae,0582351856,"Acme 472"
"Person, 473",user473@company33.ae,0507893523,"Acme 473"
"Person, 474",user474@company34.ae,0553324861,"Acme 474"
"Person, 475",user475@company35.ae,0585801778,"Acme 475"
"Person, 476",user476@company36.ae,,"Acme 476"
"Person, 477",user477@company37.ae,,"Acme 477"
"Person, 478",,0551821696,"Acme 478"
"Person, 479",bad@@x.com,12345,"Acme 479"
"Person, 480",user480@company0.ae,0557960307,"Acme 480"
"Person, 481",user481@company1.ae,0545726914,"Acme 481"
"Person, 482",user482@company2.ae,0545290651,"Acme 482"
"Person, 483",user483@company3.ae,0585364912,"Acme 483"
"Person, 484",user484@company4.ae,0555004134,"Acme 484"
"Person, 485",user485@company5.ae,0549106449,"Acme 485"
"Person, 486",user486@company6.ae,,"Acme 486"
"Person, 487",user487@company7.ae,,"Acme 487"
"Person, 488",,0567616393,"Acme 488"
"Person, 489",n/a,12345,"Acme 489"
"Person, 490",user490@company10.ae,0583712153,"Acme 490"
"Person, 491",user491@company11.ae,0504487522,"Acme 491"
"Person, 492",user492@company12.ae,0569339547,"Acme 492"
"Person, 493",user493@company13.ae,0564691411,"Acme 493"
"Person, 494",user494@company14.ae,0556584032,"Acme 494"
"Person, 495",user495@company15.ae,0558170968,"Acme 495"
"Person, 496",user496@company16.ae,,"Acme 496"
"Person, 497",user497@company17.ae,,"Acme 497"
"Person, 498",,0524228055,"Acme 498"
"Person, 499",bad@@x.com,12345,"Acme 499"
"Person, 500",user500@company20.ae,0526737056,"Acme 500"
"Person, 501",user501@company21.ae,0562528309,"Acme 501"
"Person, 502",user502@company22.ae,0545011878,"Acme 502"
"Person, 503",user503@company23.ae,0545334520,"Acme 503"
"Person, 504",user504@company24.ae,0564391377,"Acme 504"
"Person, 505",user505@company25.ae,0507925327,"Acme 505"
"Person, 506",user506@company26.ae,,"Acme 506"
"Person, 507",user507@company27.ae,,"Acme 507"
"Person, 508",,0557943814,"Acme 508"
"Person, 509",bad@@x.com,,"Acme 509"
"Person, 510",user510@company30.ae,0546674106,"Acme 510"
"Person, 511",user511@company31.ae,0509357501,"Acme 511"
"Person, 512",user512@company32.ae,0547042234,"Acme 512"
"Person, 513",user513@company33.ae,0529445579,"Acme 513"
"Person, 514",user514@company34.ae,0564623260,"Acme 514"
"Person, 515",user515@company35.ae,0505546975,"Acme 515"
"Person, 516",user516@company36.ae,,"Acme 516"
"Person, 517",user517@company37.ae,,"Acme 517"
"Person, 518",,0527451858,"Acme 518"
"Person, 519",x@y.c,0000000000,"Acme 519"
"Person, 520",user520@company0.ae,0558245017,"Acme 520"
"Person, 521",user521@company1.ae,0541365919,"Acme 521"
"Person, 522",user522@company2.ae,0521540956,"Acme 522"
"Person, 523",user523@company3.ae,0558940124,"Acme 523"
"Person, 524",user524@company4.ae,0569217889,"Acme 524"
"Person, 525",user525@company5.ae,0502227050,"Acme 525"
"Person, 526",user526@company6.ae,,"Acme 526"
"Person, 527",user527@company7.ae,,"Acme 527"
"Person, 528",,0559856044,"Acme 528"
"Person, 529",x@y.c,,"Acme 529"
"Person, 530",user530@company10.ae,0522829488,"Acme 530"
"Person, 531",user531@company11.ae,0523590039,"Acme 531"
"Person, 532",user532@company12.ae,0529763840,"Acme 532"
"Person, 533",user533@company13.ae,0582826877,"Acme 533"
"Person, 534",user534@company14.ae,0588672641,"Acme 534"
"Person, 535",user535@company15.ae,0501663476,"Acme 535"
"Person, 536",user536@company16.ae,,"Acme 536"
"Person, 537",user537@company17.ae,,"Acme 537"
"Person, 538",,0503108086,"Acme 538"
"Person, 539",bad@@x.com,0000000000,"Acme 539"
"Person, 540",user540@company20.ae,0506096620,"Acme 540"
"Person, 541",user541@company21.ae,0525224401,"Acme 541"
"Person, 542",user542@company22.ae,0568338866,"Acme 542"
"Person, 543",user543@company23.ae,0582881274,"Acme 543"
"Person, 544",user544@company24.ae,0502180309,"Acme 544"
"Person, 545",user545@company25.ae,0549798587,"Acme 545"
"Person, 546",user546@company26.ae,,"Acme 546"
"Person, 547",user547@company27.ae,,"Acme 547"
"Person, 548",,0564216221,"Acme 548"
"Person, 549",x@y.c,,"Acme 549"
"Person, 550",user550@company30.ae,0521019327,"Acme 550"
"Person, 551",user551@company31.ae,0506058687,"Acme 551"
"Person, 552",user552@company32.ae,0555674193,"Acme 552"
"Person, 553",user553@company33.ae,0545066085,"Acme 553"
"Person, 554",user554@company34.ae,0559829474,"Acme 554"
"Person, 555",user555@company35.ae,0525144951,"Acme 555"
"Person, 556",user556@company36.ae,,"Acme 556"
"Person, 557",user557@company37.ae,,"Acme 557"
"Person, 558",,0507909027,"Acme 558"
"Person, 559",,12345,"Acme 559"
"Person, 560",user560@company0.ae,0504256713,"Acme 560"
"Person, 561",user561@company1.ae,0558046697,"Acme 561"
"Person, 562",user562@company2.ae,0505316041,"Acme 562"
"Person, 563",user563@company3.ae,0528118948,"Acme 563"
"Person, 564",user564@company4.ae,0544804838,"Acme 564"
"Person, 565",user565@company5.ae,0551572059,"Acme 565"
"Person, 566",user566@company6.ae,,"Acme 566"
"Person, 567",user567@company7.ae,,"Acme 567"
"Person, 568",,0586671564,"Acme 568"
"Person, 569",x@y.c,,"Acme 569"
"Person, 570",user570@company10.ae,0587649787,"Acme 570"
"Person, 571",user571@company11.ae,0521113304,"Acme 571"
"Person, 572",user572@company12.ae,0549470453,"Acme 572"
"Person, 573",user573@company13.ae,0504442996,"Acme 573"
"Person, 574",user574@company14.ae,0554362385,"Acme 574"
"Person, 575",user575@company15.ae,0544253660,"Acme 575"
"Person, 576",user576@company16.ae,,"Acme 576"
"Person, 577",user577@company17.ae,,"Acme 577"
"Person, 578",,0528803319,"Acme 578"
"Person, 579",bad@@x.com,,"Acme 579"
"Person, 580",user580@company20.ae,0542828851,"Acme 580"
"Person, 581",user581@company21.ae,0569317551,"Acme 581"
"Person, 582",user582@company22.ae,0564142594,"Acme 582"
"Person, 583",user583@company23.ae,0529137834,"Acme 583"
"Person, 584",user584@company24.ae,0551946521,"Acme 584"
"Person, 585",user585@company25.ae,0563455900,"Acme 585"
"Person, 586",user586@company26.ae,,"Acme 586"
"Person, 587",user587@company27.ae,,"Acme 587"
"Person, 588",,0551911982,"Acme 588"
"Person, 589",bad@@x.com,12345,"Acme 589"
"Person, 590",user590@company30.ae,0563380872,"Acme 590"
"Person, 591",user591@company31.ae,0551869739,"Acme 591"
"Person, 592",user592@company32.ae,0582008902,"Acme 592"
"Person, 593",user593@company33.ae,0527598843,"Acme 593"
"Person, 594",user594@company34.ae,0556271400,"Acme 594"
"Person, 595",user595@company35.ae,0582899274,"Acme 595"
"Person, 596",user596@company36.ae,,"Acme 596"
"Person, 597",user597@company37.ae,,"Acme 597"
"Person, 598",,0503778873,"Acme 598"
"Person, 599",,12345,"Acme 599"
"Typo Tim",tim@gmial.com,0501234501,"X"
"Role Rita",info@realco.ae,0561234502,"X"
"Landline Lee",lee@realco.ae,043456789,"X"
"Dupe Dan",user0@company0.ae,0501234503,"X"